<?xml version="1.0" encoding="UTF-8"?>
<project-private xmlns="http://www.netbeans.org/ns/project-private/1">
    <editor-bookmarks xmlns="http://www.netbeans.org/ns/editor-bookmarks/2" lastBookmarkId="0"/>
    <open-files xmlns="http://www.netbeans.org/ns/projectui-open-files/2">
        <group>
            <file>file:/C:/Users/havya/Documents/NetBeansProjects/HealthAwarenessSystem/web/AddContent.jsp</file>
            <file>file:/C:/Users/havya/Documents/NetBeansProjects/HealthAwarenessSystem/web/index.html</file>
            <file>file:/C:/Users/havya/Documents/NetBeansProjects/HealthAwarenessSystem/web/AddBlog.jsp</file>
            <file>file:/C:/Users/havya/Documents/NetBeansProjects/HealthAwarenessSystem/web/DoctorFeedback.jsp</file>
            <file>file:/C:/Users/havya/Documents/NetBeansProjects/HealthAwarenessSystem/web/AddFreeTime.jsp</file>
            <file>file:/C:/Users/havya/Documents/NetBeansProjects/HealthAwarenessSystem/web/StudentHome.jsp</file>
            <file>file:/C:/Users/havya/Documents/NetBeansProjects/HealthAwarenessSystem/web/ViewContent.jsp</file>
            <file>file:/C:/Users/havya/Documents/NetBeansProjects/HealthAwarenessSystem/web/ViewNotifications.jsp</file>
            <file>file:/C:/Users/havya/Documents/NetBeansProjects/HealthAwarenessSystem/web/DoctorHome.jsp</file>
            <file>file:/C:/Users/havya/Documents/NetBeansProjects/HealthAwarenessSystem/web/AddFreeTime2.jsp</file>
            <file>file:/C:/Users/havya/Documents/NetBeansProjects/HealthAwarenessSystem/web/AddFreeTime3.jsp</file>
        </group>
    </open-files>
</project-private>
